kelas,rekaman,jendela,berkas,u1,u2
SCD,30,0,C:\Users\agust\OneDrive\Documents\UNOSO\Riset\EKG\Uji_Tesis\data\citra\B\SCD_30_0.png,0.9766527414321899,0.9863394498825073
SCD,30,10,C:\Users\agust\OneDrive\Documents\UNOSO\Riset\EKG\Uji_Tesis\data\citra\B\SCD_30_10.png,0.9599984884262085,0.9573208093643188
SCD,30,20,C:\Users\agust\OneDrive\Documents\UNOSO\Riset\EKG\Uji_Tesis\data\citra\B\SCD_30_20.png,0.4252564013004303,0.21222567558288574
SCD,30,30,C:\Users\agust\OneDrive\Documents\UNOSO\Riset\EKG\Uji_Tesis\data\citra\B\SCD_30_30.png,0.7490065693855286,0.6824506521224976
SCD,30,40,C:\Users\agust\OneDrive\Documents\UNOSO\Riset\EKG\Uji_Tesis\data\citra\B\SCD_30_40.png,0.8197957277297974,0.8057196140289307
SCD,30,50,C:\Users\agust\OneDrive\Documents\UNOSO\Riset\EKG\Uji_Tesis\data\citra\B\SCD_30_50.png,0.8554813265800476,0.867537260055542
SCD,31,0,C:\Users\agust\OneDrive\Documents\UNOSO\Riset\EKG\Uji_Tesis\data\citra\B\SCD_31_0.png,0.9707717895507812,0.9954149723052979
SCD,31,10,C:\Users\agust\OneDrive\Documents\UNOSO\Riset\EKG\Uji_Tesis\data\citra\B\SCD_31_10.png,0.9805253148078918,0.9968429803848267
SCD,31,20,C:\Users\agust\OneDrive\Documents\UNOSO\Riset\EKG\Uji_Tesis\data\citra\B\SCD_31_20.png,0.9820479154586792,0.9968274235725403
SCD,31,30,C:\Users\agust\OneDrive\Documents\UNOSO\Riset\EKG\Uji_Tesis\data\citra\B\SCD_31_30.png,0.9744716882705688,0.995358407497406
SCD,31,40,C:\Users\agust\OneDrive\Documents\UNOSO\Riset\EKG\Uji_Tesis\data\citra\B\SCD_31_40.png,0.9549996256828308,0.9915913343429565
SCD,31,50,C:\Users\agust\OneDrive\Documents\UNOSO\Riset\EKG\Uji_Tesis\data\citra\B\SCD_31_50.png,0.9686582088470459,0.993756890296936
SCD,32,0,C:\Users\agust\OneDrive\Documents\UNOSO\Riset\EKG\Uji_Tesis\data\citra\B\SCD_32_0.png,0.10248149186372757,0.29674118757247925
SCD,32,10,C:\Users\agust\OneDrive\Documents\UNOSO\Riset\EKG\Uji_Tesis\data\citra\B\SCD_32_10.png,0.9773385524749756,0.981544017791748
SCD,32,20,C:\Users\agust\OneDrive\Documents\UNOSO\Riset\EKG\Uji_Tesis\data\citra\B\SCD_32_20.png,0.7729101777076721,0.9450045824050903
SCD,32,30,C:\Users\agust\OneDrive\Documents\UNOSO\Riset\EKG\Uji_Tesis\data\citra\B\SCD_32_30.png,0.9416748285293579,0.9868264198303223
SCD,32,40,C:\Users\agust\OneDrive\Documents\UNOSO\Riset\EKG\Uji_Tesis\data\citra\B\SCD_32_40.png,0.9165825843811035,0.8839821815490723
SCD,32,50,C:\Users\agust\OneDrive\Documents\UNOSO\Riset\EKG\Uji_Tesis\data\citra\B\SCD_32_50.png,0.9438369870185852,0.9827033281326294
SCD,33,0,C:\Users\agust\OneDrive\Documents\UNOSO\Riset\EKG\Uji_Tesis\data\citra\B\SCD_33_0.png,0.9857829809188843,0.9860209822654724
SCD,33,10,C:\Users\agust\OneDrive\Documents\UNOSO\Riset\EKG\Uji_Tesis\data\citra\B\SCD_33_10.png,0.9852746725082397,0.990754246711731
SCD,33,20,C:\Users\agust\OneDrive\Documents\UNOSO\Riset\EKG\Uji_Tesis\data\citra\B\SCD_33_20.png,0.9855135083198547,0.9909113049507141
SCD,33,30,C:\Users\agust\OneDrive\Documents\UNOSO\Riset\EKG\Uji_Tesis\data\citra\B\SCD_33_30.png,0.8187545537948608,0.9216421246528625
SCD,33,40,C:\Users\agust\OneDrive\Documents\UNOSO\Riset\EKG\Uji_Tesis\data\citra\B\SCD_33_40.png,0.985704779624939,0.9910005927085876
SCD,33,50,C:\Users\agust\OneDrive\Documents\UNOSO\Riset\EKG\Uji_Tesis\data\citra\B\SCD_33_50.png,0.9797161817550659,0.9897195100784302
SCD,34,0,C:\Users\agust\OneDrive\Documents\UNOSO\Riset\EKG\Uji_Tesis\data\citra\B\SCD_34_0.png,0.804593563079834,0.9672390818595886
SCD,34,10,C:\Users\agust\OneDrive\Documents\UNOSO\Riset\EKG\Uji_Tesis\data\citra\B\SCD_34_10.png,0.9409833550453186,0.9840599298477173
SCD,34,20,C:\Users\agust\OneDrive\Documents\UNOSO\Riset\EKG\Uji_Tesis\data\citra\B\SCD_34_20.png,0.6621373891830444,0.9474669694900513
SCD,34,30,C:\Users\agust\OneDrive\Documents\UNOSO\Riset\EKG\Uji_Tesis\data\citra\B\SCD_34_30.png,0.6243540048599243,0.9506304264068604
SCD,34,40,C:\Users\agust\OneDrive\Documents\UNOSO\Riset\EKG\Uji_Tesis\data\citra\B\SCD_34_40.png,0.022801358252763748,0.028997421264648438
SCD,34,50,C:\Users\agust\OneDrive\Documents\UNOSO\Riset\EKG\Uji_Tesis\data\citra\B\SCD_34_50.png,0.07871832698583603,0.09866240620613098
SCD,35,0,C:\Users\agust\OneDrive\Documents\UNOSO\Riset\EKG\Uji_Tesis\data\citra\B\SCD_35_0.png,0.743056058883667,0.7195402979850769
SCD,35,10,C:\Users\agust\OneDrive\Documents\UNOSO\Riset\EKG\Uji_Tesis\data\citra\B\SCD_35_10.png,0.24112600088119507,0.17338940501213074
SCD,35,20,C:\Users\agust\OneDrive\Documents\UNOSO\Riset\EKG\Uji_Tesis\data\citra\B\SCD_35_20.png,0.14494255185127258,0.29911741614341736
SCD,35,30,C:\Users\agust\OneDrive\Documents\UNOSO\Riset\EKG\Uji_Tesis\data\citra\B\SCD_35_30.png,0.9186403751373291,0.942865252494812
SCD,35,40,C:\Users\agust\OneDrive\Documents\UNOSO\Riset\EKG\Uji_Tesis\data\citra\B\SCD_35_40.png,0.9608966112136841,0.9636180996894836
SCD,35,50,C:\Users\agust\OneDrive\Documents\UNOSO\Riset\EKG\Uji_Tesis\data\citra\B\SCD_35_50.png,0.8742758631706238,0.9029963612556458
SCD,36,0,C:\Users\agust\OneDrive\Documents\UNOSO\Riset\EKG\Uji_Tesis\data\citra\B\SCD_36_0.png,0.767035961151123,0.7272985577583313
SCD,36,10,C:\Users\agust\OneDrive\Documents\UNOSO\Riset\EKG\Uji_Tesis\data\citra\B\SCD_36_10.png,0.6997840404510498,0.47715041041374207
SCD,36,20,C:\Users\agust\OneDrive\Documents\UNOSO\Riset\EKG\Uji_Tesis\data\citra\B\SCD_36_20.png,0.9381638765335083,0.9560019373893738
SCD,36,30,C:\Users\agust\OneDrive\Documents\UNOSO\Riset\EKG\Uji_Tesis\data\citra\B\SCD_36_30.png,0.9468238949775696,0.964218258857727
SCD,36,40,C:\Users\agust\OneDrive\Documents\UNOSO\Riset\EKG\Uji_Tesis\data\citra\B\SCD_36_40.png,0.0690542683005333,0.08613621443510056
SCD,36,50,C:\Users\agust\OneDrive\Documents\UNOSO\Riset\EKG\Uji_Tesis\data\citra\B\SCD_36_50.png,0.41642504930496216,0.2947647273540497
SCD,37,0,C:\Users\agust\OneDrive\Documents\UNOSO\Riset\EKG\Uji_Tesis\data\citra\B\SCD_37_0.png,0.932888925075531,0.9098643660545349
SCD,37,10,C:\Users\agust\OneDrive\Documents\UNOSO\Riset\EKG\Uji_Tesis\data\citra\B\SCD_37_10.png,0.9463417530059814,0.9158070683479309
SCD,37,20,C:\Users\agust\OneDrive\Documents\UNOSO\Riset\EKG\Uji_Tesis\data\citra\B\SCD_37_20.png,0.9478393793106079,0.9340469241142273
SCD,37,30,C:\Users\agust\OneDrive\Documents\UNOSO\Riset\EKG\Uji_Tesis\data\citra\B\SCD_37_30.png,0.7622841596603394,0.7040024995803833
SCD,37,40,C:\Users\agust\OneDrive\Documents\UNOSO\Riset\EKG\Uji_Tesis\data\citra\B\SCD_37_40.png,0.9687486886978149,0.966674268245697
SCD,37,50,C:\Users\agust\OneDrive\Documents\UNOSO\Riset\EKG\Uji_Tesis\data\citra\B\SCD_37_50.png,0.9806828498840332,0.973851203918457
SCD,38,0,C:\Users\agust\OneDrive\Documents\UNOSO\Riset\EKG\Uji_Tesis\data\citra\B\SCD_38_0.png,0.9410362839698792,0.9497606754302979
SCD,38,10,C:\Users\agust\OneDrive\Documents\UNOSO\Riset\EKG\Uji_Tesis\data\citra\B\SCD_38_10.png,0.669241189956665,0.7893102765083313
SCD,38,20,C:\Users\agust\OneDrive\Documents\UNOSO\Riset\EKG\Uji_Tesis\data\citra\B\SCD_38_20.png,0.6894075870513916,0.7738199830055237
SCD,38,30,C:\Users\agust\OneDrive\Documents\UNOSO\Riset\EKG\Uji_Tesis\data\citra\B\SCD_38_30.png,0.713516116142273,0.8119463920593262
SCD,38,40,C:\Users\agust\OneDrive\Documents\UNOSO\Riset\EKG\Uji_Tesis\data\citra\B\SCD_38_40.png,0.3330256938934326,0.5588691234588623
SCD,38,50,C:\Users\agust\OneDrive\Documents\UNOSO\Riset\EKG\Uji_Tesis\data\citra\B\SCD_38_50.png,0.5610933303833008,0.7227883338928223
SCD,39,0,C:\Users\agust\OneDrive\Documents\UNOSO\Riset\EKG\Uji_Tesis\data\citra\B\SCD_39_0.png,0.9854814410209656,0.9848378896713257
SCD,39,10,C:\Users\agust\OneDrive\Documents\UNOSO\Riset\EKG\Uji_Tesis\data\citra\B\SCD_39_10.png,0.9879075884819031,0.9851754307746887
SCD,39,20,C:\Users\agust\OneDrive\Documents\UNOSO\Riset\EKG\Uji_Tesis\data\citra\B\SCD_39_20.png,0.9840036034584045,0.9805898666381836
SCD,39,30,C:\Users\agust\OneDrive\Documents\UNOSO\Riset\EKG\Uji_Tesis\data\citra\B\SCD_39_30.png,0.9714493751525879,0.9627997875213623
SCD,39,40,C:\Users\agust\OneDrive\Documents\UNOSO\Riset\EKG\Uji_Tesis\data\citra\B\SCD_39_40.png,0.9893458485603333,0.9947628378868103
SCD,39,50,C:\Users\agust\OneDrive\Documents\UNOSO\Riset\EKG\Uji_Tesis\data\citra\B\SCD_39_50.png,0.9335616827011108,0.9242193102836609
SCD,41,0,C:\Users\agust\OneDrive\Documents\UNOSO\Riset\EKG\Uji_Tesis\data\citra\B\SCD_41_0.png,0.9735035300254822,0.9878422021865845
SCD,41,10,C:\Users\agust\OneDrive\Documents\UNOSO\Riset\EKG\Uji_Tesis\data\citra\B\SCD_41_10.png,0.779403030872345,0.8532087206840515
SCD,41,20,C:\Users\agust\OneDrive\Documents\UNOSO\Riset\EKG\Uji_Tesis\data\citra\B\SCD_41_20.png,0.6983680129051208,0.8029789328575134
SCD,41,30,C:\Users\agust\OneDrive\Documents\UNOSO\Riset\EKG\Uji_Tesis\data\citra\B\SCD_41_30.png,0.862642228603363,0.9322123527526855
SCD,41,40,C:\Users\agust\OneDrive\Documents\UNOSO\Riset\EKG\Uji_Tesis\data\citra\B\SCD_41_40.png,0.8589206337928772,0.8863772749900818
SCD,41,50,C:\Users\agust\OneDrive\Documents\UNOSO\Riset\EKG\Uji_Tesis\data\citra\B\SCD_41_50.png,0.9371309876441956,0.9442717432975769
SCD,43,0,C:\Users\agust\OneDrive\Documents\UNOSO\Riset\EKG\Uji_Tesis\data\citra\B\SCD_43_0.png,0.6683717370033264,0.907931923866272
SCD,43,10,C:\Users\agust\OneDrive\Documents\UNOSO\Riset\EKG\Uji_Tesis\data\citra\B\SCD_43_10.png,0.4000641405582428,0.7734204530715942
SCD,43,20,C:\Users\agust\OneDrive\Documents\UNOSO\Riset\EKG\Uji_Tesis\data\citra\B\SCD_43_20.png,0.7893648743629456,0.935300350189209
SCD,43,30,C:\Users\agust\OneDrive\Documents\UNOSO\Riset\EKG\Uji_Tesis\data\citra\B\SCD_43_30.png,0.6007487177848816,0.8997204303741455
SCD,43,40,C:\Users\agust\OneDrive\Documents\UNOSO\Riset\EKG\Uji_Tesis\data\citra\B\SCD_43_40.png,0.2859313189983368,0.710898756980896
SCD,43,50,C:\Users\agust\OneDrive\Documents\UNOSO\Riset\EKG\Uji_Tesis\data\citra\B\SCD_43_50.png,0.23094353079795837,0.614557147026062
SCD,44,0,C:\Users\agust\OneDrive\Documents\UNOSO\Riset\EKG\Uji_Tesis\data\citra\B\SCD_44_0.png,0.16029930114746094,0.08167622238397598
SCD,44,10,C:\Users\agust\OneDrive\Documents\UNOSO\Riset\EKG\Uji_Tesis\data\citra\B\SCD_44_10.png,0.008380441926419735,0.005554542876780033
SCD,44,20,C:\Users\agust\OneDrive\Documents\UNOSO\Riset\EKG\Uji_Tesis\data\citra\B\SCD_44_20.png,0.08478475362062454,0.04361234977841377
SCD,44,30,C:\Users\agust\OneDrive\Documents\UNOSO\Riset\EKG\Uji_Tesis\data\citra\B\SCD_44_30.png,0.5753770470619202,0.4821246862411499
SCD,44,40,C:\Users\agust\OneDrive\Documents\UNOSO\Riset\EKG\Uji_Tesis\data\citra\B\SCD_44_40.png,0.28739291429519653,0.21547596156597137
SCD,44,50,C:\Users\agust\OneDrive\Documents\UNOSO\Riset\EKG\Uji_Tesis\data\citra\B\SCD_44_50.png,0.4317368268966675,0.40240323543548584
SCD,45,0,C:\Users\agust\OneDrive\Documents\UNOSO\Riset\EKG\Uji_Tesis\data\citra\B\SCD_45_0.png,0.9852199554443359,0.988146185874939
SCD,45,10,C:\Users\agust\OneDrive\Documents\UNOSO\Riset\EKG\Uji_Tesis\data\citra\B\SCD_45_10.png,0.9774090051651001,0.9529077410697937
SCD,45,20,C:\Users\agust\OneDrive\Documents\UNOSO\Riset\EKG\Uji_Tesis\data\citra\B\SCD_45_20.png,0.9856213927268982,0.9885504841804504
SCD,45,30,C:\Users\agust\OneDrive\Documents\UNOSO\Riset\EKG\Uji_Tesis\data\citra\B\SCD_45_30.png,0.9834691286087036,0.9651721119880676
SCD,45,40,C:\Users\agust\OneDrive\Documents\UNOSO\Riset\EKG\Uji_Tesis\data\citra\B\SCD_45_40.png,0.9866045117378235,0.9595140218734741
SCD,45,50,C:\Users\agust\OneDrive\Documents\UNOSO\Riset\EKG\Uji_Tesis\data\citra\B\SCD_45_50.png,0.9785158634185791,0.954129159450531
SCD,46,0,C:\Users\agust\OneDrive\Documents\UNOSO\Riset\EKG\Uji_Tesis\data\citra\B\SCD_46_0.png,0.5979533791542053,0.9398574233055115
SCD,46,10,C:\Users\agust\OneDrive\Documents\UNOSO\Riset\EKG\Uji_Tesis\data\citra\B\SCD_46_10.png,0.8788040280342102,0.9815865159034729
SCD,46,20,C:\Users\agust\OneDrive\Documents\UNOSO\Riset\EKG\Uji_Tesis\data\citra\B\SCD_46_20.png,0.5161685347557068,0.9156286716461182
SCD,46,30,C:\Users\agust\OneDrive\Documents\UNOSO\Riset\EKG\Uji_Tesis\data\citra\B\SCD_46_30.png,0.28856179118156433,0.6401115655899048
SCD,46,40,C:\Users\agust\OneDrive\Documents\UNOSO\Riset\EKG\Uji_Tesis\data\citra\B\SCD_46_40.png,0.6240884065628052,0.9028551578521729
SCD,46,50,C:\Users\agust\OneDrive\Documents\UNOSO\Riset\EKG\Uji_Tesis\data\citra\B\SCD_46_50.png,0.7083198428153992,0.961665689945221
SCD,47,0,C:\Users\agust\OneDrive\Documents\UNOSO\Riset\EKG\Uji_Tesis\data\citra\B\SCD_47_0.png,0.9921849370002747,0.9819704294204712
SCD,47,10,C:\Users\agust\OneDrive\Documents\UNOSO\Riset\EKG\Uji_Tesis\data\citra\B\SCD_47_10.png,0.9946171641349792,0.9874230623245239
SCD,47,20,C:\Users\agust\OneDrive\Documents\UNOSO\Riset\EKG\Uji_Tesis\data\citra\B\SCD_47_20.png,0.9916567802429199,0.9883711934089661
SCD,47,30,C:\Users\agust\OneDrive\Documents\UNOSO\Riset\EKG\Uji_Tesis\data\citra\B\SCD_47_30.png,0.988775372505188,0.9747013449668884
SCD,47,40,C:\Users\agust\OneDrive\Documents\UNOSO\Riset\EKG\Uji_Tesis\data\citra\B\SCD_47_40.png,0.9939887523651123,0.9897395968437195
SCD,47,50,C:\Users\agust\OneDrive\Documents\UNOSO\Riset\EKG\Uji_Tesis\data\citra\B\SCD_47_50.png,0.9918065071105957,0.9796549677848816
SCD,48,0,C:\Users\agust\OneDrive\Documents\UNOSO\Riset\EKG\Uji_Tesis\data\citra\B\SCD_48_0.png,0.9282522201538086,0.9691820740699768
SCD,48,10,C:\Users\agust\OneDrive\Documents\UNOSO\Riset\EKG\Uji_Tesis\data\citra\B\SCD_48_10.png,0.9162615537643433,0.970241129398346
SCD,48,20,C:\Users\agust\OneDrive\Documents\UNOSO\Riset\EKG\Uji_Tesis\data\citra\B\SCD_48_20.png,0.3717091381549835,0.32047683000564575
SCD,48,30,C:\Users\agust\OneDrive\Documents\UNOSO\Riset\EKG\Uji_Tesis\data\citra\B\SCD_48_30.png,0.5580543875694275,0.6216280460357666
SCD,48,40,C:\Users\agust\OneDrive\Documents\UNOSO\Riset\EKG\Uji_Tesis\data\citra\B\SCD_48_40.png,0.06805621087551117,0.08424146473407745
SCD,48,50,C:\Users\agust\OneDrive\Documents\UNOSO\Riset\EKG\Uji_Tesis\data\citra\B\SCD_48_50.png,0.8808183073997498,0.9607294201850891
SCD,50,0,C:\Users\agust\OneDrive\Documents\UNOSO\Riset\EKG\Uji_Tesis\data\citra\B\SCD_50_0.png,0.9845643043518066,0.9686340093612671
SCD,50,10,C:\Users\agust\OneDrive\Documents\UNOSO\Riset\EKG\Uji_Tesis\data\citra\B\SCD_50_10.png,0.9840703010559082,0.9647983312606812
SCD,50,20,C:\Users\agust\OneDrive\Documents\UNOSO\Riset\EKG\Uji_Tesis\data\citra\B\SCD_50_20.png,0.9826691150665283,0.9618402719497681
SCD,50,30,C:\Users\agust\OneDrive\Documents\UNOSO\Riset\EKG\Uji_Tesis\data\citra\B\SCD_50_30.png,0.9865767955780029,0.969859778881073
SCD,50,40,C:\Users\agust\OneDrive\Documents\UNOSO\Riset\EKG\Uji_Tesis\data\citra\B\SCD_50_40.png,0.9434998631477356,0.9040021300315857
SCD,50,50,C:\Users\agust\OneDrive\Documents\UNOSO\Riset\EKG\Uji_Tesis\data\citra\B\SCD_50_50.png,0.9833788275718689,0.9690614938735962
SCD,51,0,C:\Users\agust\OneDrive\Documents\UNOSO\Riset\EKG\Uji_Tesis\data\citra\B\SCD_51_0.png,0.6139583587646484,0.779634416103363
SCD,51,10,C:\Users\agust\OneDrive\Documents\UNOSO\Riset\EKG\Uji_Tesis\data\citra\B\SCD_51_10.png,0.06711351871490479,0.12822642922401428
SCD,51,20,C:\Users\agust\OneDrive\Documents\UNOSO\Riset\EKG\Uji_Tesis\data\citra\B\SCD_51_20.png,0.7772969603538513,0.8294432163238525
SCD,51,30,C:\Users\agust\OneDrive\Documents\UNOSO\Riset\EKG\Uji_Tesis\data\citra\B\SCD_51_30.png,0.8212926983833313,0.8126287460327148
SCD,51,40,C:\Users\agust\OneDrive\Documents\UNOSO\Riset\EKG\Uji_Tesis\data\citra\B\SCD_51_40.png,0.6593255996704102,0.7591273784637451
SCD,51,50,C:\Users\agust\OneDrive\Documents\UNOSO\Riset\EKG\Uji_Tesis\data\citra\B\SCD_51_50.png,0.444840669631958,0.7516548037528992
SCD,52,0,C:\Users\agust\OneDrive\Documents\UNOSO\Riset\EKG\Uji_Tesis\data\citra\B\SCD_52_0.png,0.7945445775985718,0.6718131899833679
SCD,52,10,C:\Users\agust\OneDrive\Documents\UNOSO\Riset\EKG\Uji_Tesis\data\citra\B\SCD_52_10.png,0.9436251521110535,0.9311705231666565
SCD,52,20,C:\Users\agust\OneDrive\Documents\UNOSO\Riset\EKG\Uji_Tesis\data\citra\B\SCD_52_20.png,0.9285853505134583,0.8588827252388
SCD,52,30,C:\Users\agust\OneDrive\Documents\UNOSO\Riset\EKG\Uji_Tesis\data\citra\B\SCD_52_30.png,0.8620595335960388,0.7496334910392761
SCD,52,40,C:\Users\agust\OneDrive\Documents\UNOSO\Riset\EKG\Uji_Tesis\data\citra\B\SCD_52_40.png,0.9194106459617615,0.8687407970428467
SCD,52,50,C:\Users\agust\OneDrive\Documents\UNOSO\Riset\EKG\Uji_Tesis\data\citra\B\SCD_52_50.png,0.9178641438484192,0.8993352651596069
Normal,16265,0,C:\Users\agust\OneDrive\Documents\UNOSO\Riset\EKG\Uji_Tesis\data\citra\B\Normal_16265_0.png,0.02762596122920513,0.04340161755681038
Normal,16265,1,C:\Users\agust\OneDrive\Documents\UNOSO\Riset\EKG\Uji_Tesis\data\citra\B\Normal_16265_1.png,0.24852578341960907,0.413839727640152
Normal,16265,2,C:\Users\agust\OneDrive\Documents\UNOSO\Riset\EKG\Uji_Tesis\data\citra\B\Normal_16265_2.png,0.008021298795938492,0.019819093868136406
Normal,16265,3,C:\Users\agust\OneDrive\Documents\UNOSO\Riset\EKG\Uji_Tesis\data\citra\B\Normal_16265_3.png,0.01033620722591877,0.025848018005490303
Normal,16265,4,C:\Users\agust\OneDrive\Documents\UNOSO\Riset\EKG\Uji_Tesis\data\citra\B\Normal_16265_4.png,0.016135506331920624,0.0365968681871891
Normal,16265,5,C:\Users\agust\OneDrive\Documents\UNOSO\Riset\EKG\Uji_Tesis\data\citra\B\Normal_16265_5.png,0.014647782780230045,0.03450696915388107
Normal,16272,0,C:\Users\agust\OneDrive\Documents\UNOSO\Riset\EKG\Uji_Tesis\data\citra\B\Normal_16272_0.png,0.06939113140106201,0.1999705582857132
Normal,16272,1,C:\Users\agust\OneDrive\Documents\UNOSO\Riset\EKG\Uji_Tesis\data\citra\B\Normal_16272_1.png,0.9052053093910217,0.9417355060577393
Normal,16272,2,C:\Users\agust\OneDrive\Documents\UNOSO\Riset\EKG\Uji_Tesis\data\citra\B\Normal_16272_2.png,0.4472505450248718,0.8901340365409851
Normal,16272,3,C:\Users\agust\OneDrive\Documents\UNOSO\Riset\EKG\Uji_Tesis\data\citra\B\Normal_16272_3.png,0.004527709446847439,0.012347550131380558
Normal,16272,4,C:\Users\agust\OneDrive\Documents\UNOSO\Riset\EKG\Uji_Tesis\data\citra\B\Normal_16272_4.png,0.015122943557798862,0.023040438070893288
Normal,16272,5,C:\Users\agust\OneDrive\Documents\UNOSO\Riset\EKG\Uji_Tesis\data\citra\B\Normal_16272_5.png,0.1116514727473259,0.32382264733314514
Normal,16273,0,C:\Users\agust\OneDrive\Documents\UNOSO\Riset\EKG\Uji_Tesis\data\citra\B\Normal_16273_0.png,0.07084011286497116,0.039950646460056305
Normal,16273,1,C:\Users\agust\OneDrive\Documents\UNOSO\Riset\EKG\Uji_Tesis\data\citra\B\Normal_16273_1.png,0.01461705006659031,0.0082470728084445
Normal,16273,2,C:\Users\agust\OneDrive\Documents\UNOSO\Riset\EKG\Uji_Tesis\data\citra\B\Normal_16273_2.png,0.0030556065030395985,0.0031318170949816704
Normal,16273,3,C:\Users\agust\OneDrive\Documents\UNOSO\Riset\EKG\Uji_Tesis\data\citra\B\Normal_16273_3.png,0.0068724192678928375,0.0057929446920752525
Normal,16273,4,C:\Users\agust\OneDrive\Documents\UNOSO\Riset\EKG\Uji_Tesis\data\citra\B\Normal_16273_4.png,0.07528175413608551,0.044622473418712616
Normal,16273,5,C:\Users\agust\OneDrive\Documents\UNOSO\Riset\EKG\Uji_Tesis\data\citra\B\Normal_16273_5.png,0.01385430246591568,0.006050569470971823
Normal,16420,0,C:\Users\agust\OneDrive\Documents\UNOSO\Riset\EKG\Uji_Tesis\data\citra\B\Normal_16420_0.png,0.05441907048225403,0.14466361701488495
Normal,16420,1,C:\Users\agust\OneDrive\Documents\UNOSO\Riset\EKG\Uji_Tesis\data\citra\B\Normal_16420_1.png,0.02436012215912342,0.08679001033306122
Normal,16420,2,C:\Users\agust\OneDrive\Documents\UNOSO\Riset\EKG\Uji_Tesis\data\citra\B\Normal_16420_2.png,0.24662743508815765,0.644237220287323
Normal,16420,3,C:\Users\agust\OneDrive\Documents\UNOSO\Riset\EKG\Uji_Tesis\data\citra\B\Normal_16420_3.png,0.01386529766023159,0.039900537580251694
Normal,16420,4,C:\Users\agust\OneDrive\Documents\UNOSO\Riset\EKG\Uji_Tesis\data\citra\B\Normal_16420_4.png,0.05784844607114792,0.13380806148052216
Normal,16420,5,C:\Users\agust\OneDrive\Documents\UNOSO\Riset\EKG\Uji_Tesis\data\citra\B\Normal_16420_5.png,0.017120948061347008,0.0426931269466877
Normal,16483,0,C:\Users\agust\OneDrive\Documents\UNOSO\Riset\EKG\Uji_Tesis\data\citra\B\Normal_16483_0.png,0.31194865703582764,0.06457913666963577
Normal,16483,1,C:\Users\agust\OneDrive\Documents\UNOSO\Riset\EKG\Uji_Tesis\data\citra\B\Normal_16483_1.png,0.0077523160725831985,0.02465561032295227
Normal,16483,2,C:\Users\agust\OneDrive\Documents\UNOSO\Riset\EKG\Uji_Tesis\data\citra\B\Normal_16483_2.png,0.012314379215240479,0.03147205710411072
Normal,16483,3,C:\Users\agust\OneDrive\Documents\UNOSO\Riset\EKG\Uji_Tesis\data\citra\B\Normal_16483_3.png,0.11385208368301392,0.06427595019340515
Normal,16483,4,C:\Users\agust\OneDrive\Documents\UNOSO\Riset\EKG\Uji_Tesis\data\citra\B\Normal_16483_4.png,0.0035658059641718864,0.01888018660247326
Normal,16483,5,C:\Users\agust\OneDrive\Documents\UNOSO\Riset\EKG\Uji_Tesis\data\citra\B\Normal_16483_5.png,0.0009312739712186158,0.01261107251048088
Normal,16539,0,C:\Users\agust\OneDrive\Documents\UNOSO\Riset\EKG\Uji_Tesis\data\citra\B\Normal_16539_0.png,0.03896678239107132,0.08450233936309814
Normal,16539,1,C:\Users\agust\OneDrive\Documents\UNOSO\Riset\EKG\Uji_Tesis\data\citra\B\Normal_16539_1.png,0.026500100269913673,0.05390777066349983
Normal,16539,2,C:\Users\agust\OneDrive\Documents\UNOSO\Riset\EKG\Uji_Tesis\data\citra\B\Normal_16539_2.png,0.008190891705453396,0.014657847583293915
Normal,16539,3,C:\Users\agust\OneDrive\Documents\UNOSO\Riset\EKG\Uji_Tesis\data\citra\B\Normal_16539_3.png,0.482012540102005,0.6299546957015991
Normal,16539,4,C:\Users\agust\OneDrive\Documents\UNOSO\Riset\EKG\Uji_Tesis\data\citra\B\Normal_16539_4.png,0.006777068134397268,0.013446883298456669
Normal,16539,5,C:\Users\agust\OneDrive\Documents\UNOSO\Riset\EKG\Uji_Tesis\data\citra\B\Normal_16539_5.png,0.01534303743392229,0.025846322998404503
Normal,16773,0,C:\Users\agust\OneDrive\Documents\UNOSO\Riset\EKG\Uji_Tesis\data\citra\B\Normal_16773_0.png,0.007425820920616388,0.02387731336057186
Normal,16773,1,C:\Users\agust\OneDrive\Documents\UNOSO\Riset\EKG\Uji_Tesis\data\citra\B\Normal_16773_1.png,0.009368915110826492,0.028945278376340866
Normal,16773,2,C:\Users\agust\OneDrive\Documents\UNOSO\Riset\EKG\Uji_Tesis\data\citra\B\Normal_16773_2.png,0.0008231424726545811,0.008898758329451084
Normal,16773,3,C:\Users\agust\OneDrive\Documents\UNOSO\Riset\EKG\Uji_Tesis\data\citra\B\Normal_16773_3.png,0.4215880334377289,0.4670129418373108
Normal,16773,4,C:\Users\agust\OneDrive\Documents\UNOSO\Riset\EKG\Uji_Tesis\data\citra\B\Normal_16773_4.png,0.027359645813703537,0.03072458878159523
Normal,16773,5,C:\Users\agust\OneDrive\Documents\UNOSO\Riset\EKG\Uji_Tesis\data\citra\B\Normal_16773_5.png,0.028206409886479378,0.030444305390119553
Normal,16786,0,C:\Users\agust\OneDrive\Documents\UNOSO\Riset\EKG\Uji_Tesis\data\citra\B\Normal_16786_0.png,0.008349372074007988,0.003688586875796318
Normal,16786,1,C:\Users\agust\OneDrive\Documents\UNOSO\Riset\EKG\Uji_Tesis\data\citra\B\Normal_16786_1.png,0.022630639374256134,0.004308332223445177
Normal,16786,2,C:\Users\agust\OneDrive\Documents\UNOSO\Riset\EKG\Uji_Tesis\data\citra\B\Normal_16786_2.png,0.011972098611295223,0.00460473308339715
Normal,16786,3,C:\Users\agust\OneDrive\Documents\UNOSO\Riset\EKG\Uji_Tesis\data\citra\B\Normal_16786_3.png,0.008437588810920715,0.004836565349251032
Normal,16786,4,C:\Users\agust\OneDrive\Documents\UNOSO\Riset\EKG\Uji_Tesis\data\citra\B\Normal_16786_4.png,0.012002147734165192,0.007408320903778076
Normal,16786,5,C:\Users\agust\OneDrive\Documents\UNOSO\Riset\EKG\Uji_Tesis\data\citra\B\Normal_16786_5.png,0.018694832921028137,0.0050816661678254604
Normal,16795,0,C:\Users\agust\OneDrive\Documents\UNOSO\Riset\EKG\Uji_Tesis\data\citra\B\Normal_16795_0.png,0.6278432011604309,0.5512338876724243
Normal,16795,1,C:\Users\agust\OneDrive\Documents\UNOSO\Riset\EKG\Uji_Tesis\data\citra\B\Normal_16795_1.png,0.8920473456382751,0.8625423312187195
Normal,16795,2,C:\Users\agust\OneDrive\Documents\UNOSO\Riset\EKG\Uji_Tesis\data\citra\B\Normal_16795_2.png,0.48081639409065247,0.7549850940704346
Normal,16795,3,C:\Users\agust\OneDrive\Documents\UNOSO\Riset\EKG\Uji_Tesis\data\citra\B\Normal_16795_3.png,0.09301314502954483,0.3548431396484375
Normal,16795,4,C:\Users\agust\OneDrive\Documents\UNOSO\Riset\EKG\Uji_Tesis\data\citra\B\Normal_16795_4.png,0.18225152790546417,0.4571877419948578
Normal,16795,5,C:\Users\agust\OneDrive\Documents\UNOSO\Riset\EKG\Uji_Tesis\data\citra\B\Normal_16795_5.png,0.3914679288864136,0.5911692976951599
Normal,17052,0,C:\Users\agust\OneDrive\Documents\UNOSO\Riset\EKG\Uji_Tesis\data\citra\B\Normal_17052_0.png,0.4039267301559448,0.14684215188026428
Normal,17052,1,C:\Users\agust\OneDrive\Documents\UNOSO\Riset\EKG\Uji_Tesis\data\citra\B\Normal_17052_1.png,0.2984459102153778,0.09831449389457703
Normal,17052,2,C:\Users\agust\OneDrive\Documents\UNOSO\Riset\EKG\Uji_Tesis\data\citra\B\Normal_17052_2.png,0.23855707049369812,0.08616842329502106
Normal,17052,3,C:\Users\agust\OneDrive\Documents\UNOSO\Riset\EKG\Uji_Tesis\data\citra\B\Normal_17052_3.png,0.07905186712741852,0.039199888706207275
Normal,17052,4,C:\Users\agust\OneDrive\Documents\UNOSO\Riset\EKG\Uji_Tesis\data\citra\B\Normal_17052_4.png,0.0982489138841629,0.05262848362326622
Normal,17052,5,C:\Users\agust\OneDrive\Documents\UNOSO\Riset\EKG\Uji_Tesis\data\citra\B\Normal_17052_5.png,0.4355602264404297,0.16902804374694824
Normal,17453,0,C:\Users\agust\OneDrive\Documents\UNOSO\Riset\EKG\Uji_Tesis\data\citra\B\Normal_17453_0.png,0.09532593935728073,0.11080226302146912
Normal,17453,1,C:\Users\agust\OneDrive\Documents\UNOSO\Riset\EKG\Uji_Tesis\data\citra\B\Normal_17453_1.png,0.06673843413591385,0.059161167591810226
Normal,17453,2,C:\Users\agust\OneDrive\Documents\UNOSO\Riset\EKG\Uji_Tesis\data\citra\B\Normal_17453_2.png,0.2681562304496765,0.5607578158378601
Normal,17453,3,C:\Users\agust\OneDrive\Documents\UNOSO\Riset\EKG\Uji_Tesis\data\citra\B\Normal_17453_3.png,0.12255304306745529,0.17498594522476196
Normal,17453,4,C:\Users\agust\OneDrive\Documents\UNOSO\Riset\EKG\Uji_Tesis\data\citra\B\Normal_17453_4.png,0.022353924810886383,0.014151860028505325
Normal,17453,5,C:\Users\agust\OneDrive\Documents\UNOSO\Riset\EKG\Uji_Tesis\data\citra\B\Normal_17453_5.png,0.039411984384059906,0.029707640409469604
Normal,18177,0,C:\Users\agust\OneDrive\Documents\UNOSO\Riset\EKG\Uji_Tesis\data\citra\B\Normal_18177_0.png,0.03470464050769806,0.010910979472100735
Normal,18177,1,C:\Users\agust\OneDrive\Documents\UNOSO\Riset\EKG\Uji_Tesis\data\citra\B\Normal_18177_1.png,0.6300358176231384,0.43208229541778564
Normal,18177,2,C:\Users\agust\OneDrive\Documents\UNOSO\Riset\EKG\Uji_Tesis\data\citra\B\Normal_18177_2.png,0.06007343530654907,0.015898242592811584
Normal,18177,3,C:\Users\agust\OneDrive\Documents\UNOSO\Riset\EKG\Uji_Tesis\data\citra\B\Normal_18177_3.png,0.010825815610587597,0.004643145948648453
Normal,18177,4,C:\Users\agust\OneDrive\Documents\UNOSO\Riset\EKG\Uji_Tesis\data\citra\B\Normal_18177_4.png,0.012622524052858353,0.006366740446537733
Normal,18177,5,C:\Users\agust\OneDrive\Documents\UNOSO\Riset\EKG\Uji_Tesis\data\citra\B\Normal_18177_5.png,0.04346000775694847,0.012686857022345066
Normal,18184,0,C:\Users\agust\OneDrive\Documents\UNOSO\Riset\EKG\Uji_Tesis\data\citra\B\Normal_18184_0.png,0.023640669882297516,0.007875380106270313
Normal,18184,1,C:\Users\agust\OneDrive\Documents\UNOSO\Riset\EKG\Uji_Tesis\data\citra\B\Normal_18184_1.png,0.1889994889497757,0.10151826590299606
Normal,18184,2,C:\Users\agust\OneDrive\Documents\UNOSO\Riset\EKG\Uji_Tesis\data\citra\B\Normal_18184_2.png,0.06876860558986664,0.030229052528738976
Normal,18184,3,C:\Users\agust\OneDrive\Documents\UNOSO\Riset\EKG\Uji_Tesis\data\citra\B\Normal_18184_3.png,0.11497949063777924,0.09197157621383667
Normal,18184,4,C:\Users\agust\OneDrive\Documents\UNOSO\Riset\EKG\Uji_Tesis\data\citra\B\Normal_18184_4.png,0.007934427820146084,0.0037592980079352856
Normal,18184,5,C:\Users\agust\OneDrive\Documents\UNOSO\Riset\EKG\Uji_Tesis\data\citra\B\Normal_18184_5.png,0.011138088069856167,0.004387012217193842
Normal,19088,0,C:\Users\agust\OneDrive\Documents\UNOSO\Riset\EKG\Uji_Tesis\data\citra\B\Normal_19088_0.png,0.05615503713488579,0.09251052886247635
Normal,19088,1,C:\Users\agust\OneDrive\Documents\UNOSO\Riset\EKG\Uji_Tesis\data\citra\B\Normal_19088_1.png,0.1881359964609146,0.37190186977386475
Normal,19088,2,C:\Users\agust\OneDrive\Documents\UNOSO\Riset\EKG\Uji_Tesis\data\citra\B\Normal_19088_2.png,0.023522790521383286,0.04331463202834129
Normal,19088,3,C:\Users\agust\OneDrive\Documents\UNOSO\Riset\EKG\Uji_Tesis\data\citra\B\Normal_19088_3.png,0.013097568415105343,0.012893833220005035
Normal,19088,4,C:\Users\agust\OneDrive\Documents\UNOSO\Riset\EKG\Uji_Tesis\data\citra\B\Normal_19088_4.png,0.016962315887212753,0.03351697698235512
Normal,19088,5,C:\Users\agust\OneDrive\Documents\UNOSO\Riset\EKG\Uji_Tesis\data\citra\B\Normal_19088_5.png,0.013407878577709198,0.02933584339916706
Normal,19090,0,C:\Users\agust\OneDrive\Documents\UNOSO\Riset\EKG\Uji_Tesis\data\citra\B\Normal_19090_0.png,0.0224346611648798,0.07766953110694885
Normal,19090,1,C:\Users\agust\OneDrive\Documents\UNOSO\Riset\EKG\Uji_Tesis\data\citra\B\Normal_19090_1.png,0.03577383607625961,0.12580640614032745
Normal,19090,2,C:\Users\agust\OneDrive\Documents\UNOSO\Riset\EKG\Uji_Tesis\data\citra\B\Normal_19090_2.png,0.004350817762315273,0.0053603993728756905
Normal,19090,3,C:\Users\agust\OneDrive\Documents\UNOSO\Riset\EKG\Uji_Tesis\data\citra\B\Normal_19090_3.png,0.024787841364741325,0.06418845802545547
Normal,19090,4,C:\Users\agust\OneDrive\Documents\UNOSO\Riset\EKG\Uji_Tesis\data\citra\B\Normal_19090_4.png,0.04231612756848335,0.0965639054775238
Normal,19090,5,C:\Users\agust\OneDrive\Documents\UNOSO\Riset\EKG\Uji_Tesis\data\citra\B\Normal_19090_5.png,0.007337062619626522,0.012359349988400936
Normal,19093,0,C:\Users\agust\OneDrive\Documents\UNOSO\Riset\EKG\Uji_Tesis\data\citra\B\Normal_19093_0.png,0.03221116214990616,0.10131719708442688
Normal,19093,1,C:\Users\agust\OneDrive\Documents\UNOSO\Riset\EKG\Uji_Tesis\data\citra\B\Normal_19093_1.png,0.10248954594135284,0.2691914439201355
Normal,19093,2,C:\Users\agust\OneDrive\Documents\UNOSO\Riset\EKG\Uji_Tesis\data\citra\B\Normal_19093_2.png,0.04505964741110802,0.09918491542339325
Normal,19093,3,C:\Users\agust\OneDrive\Documents\UNOSO\Riset\EKG\Uji_Tesis\data\citra\B\Normal_19093_3.png,0.1673625260591507,0.2530105710029602
Normal,19093,4,C:\Users\agust\OneDrive\Documents\UNOSO\Riset\EKG\Uji_Tesis\data\citra\B\Normal_19093_4.png,0.058092325925827026,0.11449310183525085
Normal,19093,5,C:\Users\agust\OneDrive\Documents\UNOSO\Riset\EKG\Uji_Tesis\data\citra\B\Normal_19093_5.png,0.15376055240631104,0.4152718782424927
Normal,19140,0,C:\Users\agust\OneDrive\Documents\UNOSO\Riset\EKG\Uji_Tesis\data\citra\B\Normal_19140_0.png,0.09979521483182907,0.042670220136642456
Normal,19140,1,C:\Users\agust\OneDrive\Documents\UNOSO\Riset\EKG\Uji_Tesis\data\citra\B\Normal_19140_1.png,0.19044913351535797,0.10791312903165817
Normal,19140,2,C:\Users\agust\OneDrive\Documents\UNOSO\Riset\EKG\Uji_Tesis\data\citra\B\Normal_19140_2.png,0.17789112031459808,0.11620491743087769
Normal,19140,3,C:\Users\agust\OneDrive\Documents\UNOSO\Riset\EKG\Uji_Tesis\data\citra\B\Normal_19140_3.png,0.06776568293571472,0.035195522010326385
Normal,19140,4,C:\Users\agust\OneDrive\Documents\UNOSO\Riset\EKG\Uji_Tesis\data\citra\B\Normal_19140_4.png,0.008573544211685658,0.0011412856401875615
Normal,19140,5,C:\Users\agust\OneDrive\Documents\UNOSO\Riset\EKG\Uji_Tesis\data\citra\B\Normal_19140_5.png,0.01001669093966484,0.002718584844842553
Normal,19830,0,C:\Users\agust\OneDrive\Documents\UNOSO\Riset\EKG\Uji_Tesis\data\citra\B\Normal_19830_0.png,0.4493122100830078,0.8353548049926758
Normal,19830,1,C:\Users\agust\OneDrive\Documents\UNOSO\Riset\EKG\Uji_Tesis\data\citra\B\Normal_19830_1.png,0.003721302142366767,0.009868131019175053
Normal,19830,2,C:\Users\agust\OneDrive\Documents\UNOSO\Riset\EKG\Uji_Tesis\data\citra\B\Normal_19830_2.png,0.1887296736240387,0.5906038880348206
Normal,19830,3,C:\Users\agust\OneDrive\Documents\UNOSO\Riset\EKG\Uji_Tesis\data\citra\B\Normal_19830_3.png,0.00024528527865186334,0.0032164796721190214
Normal,19830,4,C:\Users\agust\OneDrive\Documents\UNOSO\Riset\EKG\Uji_Tesis\data\citra\B\Normal_19830_4.png,0.14790774881839752,0.23867161571979523
Normal,19830,5,C:\Users\agust\OneDrive\Documents\UNOSO\Riset\EKG\Uji_Tesis\data\citra\B\Normal_19830_5.png,0.00041480359504930675,0.00525858486071229
