u1,u2,u3,rekaman,kelas
0.502208411693573,0.5006387233734131,0.49205419421195984,30,SCD
0.4969230890274048,0.5006431937217712,0.49153172969818115,31,SCD
0.4969397485256195,0.507044792175293,0.49781283736228943,32,SCD
0.4969266653060913,0.5060794949531555,0.4978000819683075,33,SCD
0.5053523182868958,0.5006415247917175,0.49154436588287354,34,SCD
0.5022017359733582,0.5094394087791443,0.5021162033081055,35,SCD
0.49692946672439575,0.5094400644302368,0.48877570033073425,36,SCD
0.506452202796936,0.49813371896743774,0.4920559823513031,37,SCD
0.49111485481262207,0.49812883138656616,0.4920516908168793,38,SCD
0.5064622759819031,0.5070446133613586,0.49154430627822876,39,SCD
0.49110618233680725,0.50608229637146,0.48876848816871643,41,SCD
0.5053516030311584,0.4981217682361603,0.4887714087963104,43,SCD
0.49111390113830566,0.5006397366523743,0.4887787699699402,44,SCD
0.5022082328796387,0.5060795545578003,0.49779847264289856,45,SCD
0.5053457617759705,0.5094384551048279,0.49780091643333435,46,SCD
0.5064581036567688,0.5070425868034363,0.49153465032577515,47,SCD
0.5064529776573181,0.5070449113845825,0.5021265149116516,48,SCD
0.5022091269493103,0.4981350600719452,0.5021185874938965,50,SCD
0.5053532123565674,0.50943922996521,0.4920499324798584,51,SCD
0.49111413955688477,0.5060775876045227,0.5021066665649414,52,SCD
0.4911109209060669,0.5094337463378906,0.4887719452381134,16265,Normal
0.5053566098213196,0.5060798525810242,0.48877209424972534,16272,Normal
0.5022071599960327,0.5060791373252869,0.4920518696308136,16273,Normal
0.4911130666732788,0.498130202293396,0.49779215455055237,16420,Normal
0.5053577423095703,0.5094374418258667,0.49780726432800293,16483,Normal
0.4911109209060669,0.5070441365242004,0.4915350675582886,16539,Normal
0.5022118091583252,0.5094378590583801,0.4915373623371124,16773,Normal
0.496920645236969,0.5006408095359802,0.5021278858184814,16786,Normal
0.5053518414497375,0.5070437788963318,0.5021307468414307,16795,Normal
0.5064556002616882,0.5094378590583801,0.4915352761745453,17052,Normal
0.49692338705062866,0.49813544750213623,0.49779269099235535,17453,Normal
0.5064507126808167,0.5006353855133057,0.49780166149139404,18177,Normal
0.4969214200973511,0.5060806274414062,0.5021268725395203,18184,Normal
0.4969293475151062,0.5070424675941467,0.4920565187931061,19088,Normal
0.4911099076271057,0.4981297254562378,0.4915370047092438,19090,Normal
0.5022161602973938,0.5070471167564392,0.49205049872398376,19093,Normal
0.5064563155174255,0.5060781240463257,0.5021204948425293,19140,Normal
0.505355715751648,0.5006406903266907,0.48877307772636414,19830,Normal
