kelas,rekaman,fs,lead,durasi_jam,onset_di_dalam,detik_jendela_tesis,bpm_jendela_tesis,proporsi_V,proporsi_V_atr,irama,bpm_3_menit,datar,menit_sesudah_anotasi_terakhir,rentang_mV_jendela_tesis,std_mV_jendela_tesis,std_mV_tengah_rekaman,dibuang_tesis
SCD,30,250,ECG,24.55,True,180.0,71.7,0.0,0.014,(ST1+,,,,,,,
SCD,31,250,ECG,13.98,True,180.0,74.3,0.0,0.05,(ST1+ (ST1+,,,,,,,
SCD,32,250,ECG,24.33,True,180.0,73.7,0.0,0.005,,,,,,,,
SCD,33,250,ECG,24.55,True,180.0,52.3,0.006,,(AFIB,,,,,,,
SCD,34,250,ECG,7.09,True,180.0,64.3,0.0,0.021,(ST0+,,,,,,,
SCD,35,250,ECG,24.87,True,180.0,70.0,0.01,,(ST0-,,,,,,,
SCD,36,250,ECG,20.36,True,180.0,62.3,0.011,0.016,(N (AFIB,,,,,,,
SCD,37,250,ECG,25.13,True,180.0,45.7,0.073,,(ST0-,,,,,,,
SCD,38,250,ECG,18.31,True,180.0,77.3,0.0,,(N (AFIB (N,,,,,,,
SCD,39,250,ECG,5.78,True,180.0,138.3,0.0,,(ST1+ (ST0- (ST0- (ST0-,,,,,,,
SCD,41,250,ECG,3.93,True,180.0,111.7,0.006,0.344,(ST1+,,,,,,,
SCD,43,250,ECG,23.13,True,180.0,74.3,0.004,,(N,,,,,,,
SCD,44,250,ECG,23.33,True,180.0,93.7,0.0,,(N (AFIB (N,,,,,,,
SCD,45,250,ECG,24.16,True,180.0,64.7,0.021,0.041,,,,,,,,
SCD,46,250,ECG,4.25,True,180.0,68.3,0.015,0.238,(N,,,,,,,
SCD,47,250,ECG,23.6,True,180.0,52.0,0.282,,(ST0+ (AFIB,,,,,,,
SCD,48,250,ECG,24.6,True,180.0,96.3,0.0,,(ST1+ (ST1+ (ST1+,,,,,,,
SCD,50,250,ECG,23.13,True,180.0,44.3,0.045,,(ST0+ (ST0+ (ST0+,,,,,,,
SCD,51,250,ECG,25.14,True,180.0,63.3,0.0,0.026,(ST0+,,,,,,,
SCD,52,250,ECG,7.52,True,180.0,118.0,0.011,0.132,(AFIB (N (AFIB (ST1+ (N,,,,,,,
Normal,16265,128,ECG1,25.46,,351.6,0.0,0.0,,,0.0,0.753,193.1,0.96,0.062,0.57,False
Normal,16272,128,ECG1,25.0,,351.6,0.0,0.0,,,0.0,0.763,93.4,0.82,0.063,0.186,False
Normal,16273,128,ECG1,24.64,,351.6,0.0,0.0,,,0.0,0.753,239.2,0.89,0.065,0.508,False
Normal,16420,128,ECG1,23.98,,351.6,0.0,0.0,,,0.0,0.755,142.9,0.84,0.064,0.24,False
Normal,16483,128,ECG1,25.96,,351.6,0.0,0.0,,,0.0,0.785,289.0,0.11,0.02,0.388,False
Normal,16539,128,ECG1,24.58,,351.6,0.0,0.0,,,0.0,0.754,63.8,1.06,0.068,0.29,False
Normal,16773,128,ECG1,23.97,,351.6,0.0,0.0,,,0.0,0.751,136.0,0.91,0.067,0.518,False
Normal,16786,128,ECG1,24.49,,351.6,0.0,0.0,,,0.0,0.76,68.5,0.86,0.065,0.439,False
Normal,16795,128,ECG1,23.58,,351.6,0.0,0.0,,,0.0,0.751,169.1,0.88,0.065,0.291,False
Normal,17052,128,ECG1,23.13,,351.6,0.0,0.0,,,0.0,0.759,114.7,0.87,0.066,0.272,False
Normal,17453,128,ECG1,24.38,,351.6,0.0,0.0,,,0.0,0.75,221.6,0.94,0.073,0.372,False
Normal,18177,128,ECG1,25.96,,351.6,0.0,0.0,,,0.0,0.774,101.8,0.17,0.029,0.219,False
Normal,18184,128,ECG1,23.75,,351.6,0.0,0.0,,,0.0,0.759,169.7,0.9,0.066,0.422,False
Normal,19088,128,ECG1,23.8,,351.6,0.0,0.0,,,0.0,0.856,217.8,0.24,0.018,0.165,False
Normal,19090,128,ECG1,24.18,,351.6,0.0,0.0,,,0.0,0.852,297.0,0.25,0.019,0.196,False
Normal,19093,128,ECG1,23.23,,351.6,0.0,0.0,,,0.0,0.722,190.1,0.75,0.049,0.409,False
Normal,19140,128,ECG1,24.17,,351.6,0.0,0.0,,,0.0,0.808,249.8,0.8,0.065,0.223,False
Normal,19830,128,ECG1,23.22,,351.6,0.0,0.0,,,0.0,0.76,127.4,0.53,0.035,0.191,True
